{
  "exact_match": 0.0,
  "f1": 0.1037037037037037,
  "n": 300,
  "avg_turns": 2.99,
  "avg_latency_ms": 2504.0162526711356,
  "timeout_rate_pct": 2.3333333333333335,
  "error_rate_pct": 98.66666666666667
}